INSERT INTO `users`
(`id`,
 `is_moderator`,
 `reg_time`,
 `name`,
 `email`,
 `password`,
 `code`,
 `photo`)
VALUES (1,
        0,
        DATE('2021-11-14 06:40:26'),
        'Sergey',
        'world_org@gmail.com',
        '$2a$12$UnhOiEfnUjxwcYqvCDNzx.sGB6AbgYe95WU.N69qK2QzdvccXcwEi',
        null,
        null),
       (2,
        0,
        DATE('2021-04-14 06:40:26'),
        'Mariya',
        'maria_org@gmail.com',
        '$2a$12$l5/C.RCgG5392yDH3pKLperELx3LKFz8jXqEi9xhHBM2/7Zns36X2',
        null,
        null),
       (3,
        1,
        DATE('2018-11-14 06:40:26'),
        'Makar',
        'makar_org@gmail.com',
        '$2a$12$drDZrXjtJpl79Nq0ONKYY.Dlk.rS2MeQBlbEWCHbR3jh35ZKjJ1I6',
        null,
        null);

INSERT INTO `posts`
(`id`,
 `is_active`,
 `moderation_status`,
 `moderator_id`,
 `user_id`,
 `time`,
 `title`,
 `text`,
 `view_count`)
VALUES (1,
        1,
        'ACCEPTED',
        3,
        1,
        DATE('2021-11-14 06:40:26'),
        'Серверная моей мечты',
        'Многие из вас уже были в серверной, заглядывали туда краем глаза или в крайнем случае видели в фильмах. В кино зачастую серверная выглядит, как кабина пилота космического челнока, но в жизни всё намного прозаичней – под IT-инфраструктуру переоборудуют старую кладовку, ставят туда пару стоек и кондиционер. Но по уму надо проектировать комнату или строить отдельное здание.',
        1),
       (2,
        1,
        'ACCEPTED',
        3,
        2,
        DATE('2021-11-15 06:40:26'),
        'Подробное руководство по инверсии зависимостей. Часть 2. Application модуль',
        'Я, Mariya, приветствую вас и приглашаю продолжить обсуждение темы инверсии зависимостей. В рамках данной финальной части будет рассмотрен application модуль. Будут определена его ответственность и будет рассмотрено то, как он взаимодействует со всеми остальными модулями.Примеры, как и раньше, приведены на языке программирования java, но используются исключительно простые конструкции, чтобы любой читатель, понимающий на самом базовом уровне синтаксис java, смог понять данную статью.',
        1),
       (3,
        1,
        'ACCEPTED',
        3,
        1,
        DATE('2021-11-19 06:40:26'),
        'Как оптимизировать проект Data Science с помощью Prefect',
        'Почему вас как специалиста по анализу данных должна волновать оптимизация рабочего процесса? Начнём с примера базового проекта в области науки о данных. Представьте, что вы работаете с набором данных Iris и начали с функций обработки данных.',
        1),
       (4,
        1,
        'ACCEPTED',
        3,
        1,
        DATE('2021-11-14 06:40:26'),
        'Хакеры заявили о совершении в новогоднюю ночь DDoS-атак на сайт Минюста и ФСБ, сейчас эти ресурсы работают штатно',
        'По данным правозащитного проекта Gulagu.net, хакеры из команды Universal Dark Service устроили в новогоднюю ночь DDoS-атаку на сайт Министерства юстиции РФ, а также попытались заблокировать работу сайта ФСБ. Как минимум один информационный госресурс в сети интернет был недоступен некоторое время по техническим причинам, судя по заглушке на сайте Минюста.
        На сайтах госведомств и в СМИ не было комментариев, в том числе от правоохранительных органов, по поводу данного инцидента или причин техработ на сайте Минюста. В настоящее время оба сайта работают в обычном режиме.
        Действия хакеров технически могутпопасть под ст. 274.1 УК РФ «Неправомерное воздействие на критическую информационную инфраструктуру Российской Федерации», по которой нарушители закона могут получить лишение свободы на срок от двух до пяти лет и штраф до 1 млн рублей, или под ст. 273 УК РФ «Создание, использование и распространение вредоносных компьютерных программ», по которой наказание может быть до семи лет лишения свободы.',
        1),
       (5,
        1,
        'ACCEPTED',
        3,
        1,
        DATE('2021-11-14 06:40:26'),
        'Как увеличить точность модели с 80% до 90%+ (мой опыт)',
        'Привет, чемпион! Возможно, перед тобой сейчас стоит задача построить предиктивную модель, или ты просто фармишь Kaggle, и тебе не хватает идей, тогда эта статья будет тебе полезна!
Наверное, уже только ленивый не слышал про Data Science и то, как модели машинного обучения помогают прогнозировать будущее, но самое крутое в анализе данных, на мой взгляд, - это хакатоны! Будь-то Kaggle или локальные соревнования, везде примерно одна задача - получить точность выше, чем у других оппонентов (в идеале еще пригодную для продакшена модель). И тут возникает проблема...
С одной стороны, все используемые модели давно известны и реализованы, с другой стороны, находятся победители, которым удается реализовать решение, которое на тех же библиотеках и на тех же данных дает наилучших скор. Вот как они это делают? Как лидеры вырываются вперед? В чем магия? - Что ж, сейчас я поделюсь с вами несколькими трюками, как можно выжать максимум из данных и ваших моделей.',
        1),
       (6,
        1,
        'ACCEPTED',
        3,
        2,
        DATE('2021-11-16 06:40:26'),
        'Телескоп «Джеймс Уэбб»: стрелы для солнцезащитного экрана выдвинулись, идет натяжение полотна щита и разделение слоев',
        'У телескопа «Джеймс Уэбб» появился солнцезащитный экран ромбовидной формы. Пока что он не натянут полностью и не разделен на слои, но уже работает — температура между горячей и холодной частью телескопа начинает существенно разниться.
31 декабря 2021 года НАСА сообщило, что первая и вторая телескопические стрелы для развертывания солнцезащитного экрана выдвинулись штатно и зафиксированы в своем окончательном положении. Наземная команда управления полетом телескопа начала сложный процесс финального натяжения полотна солнечного щита и разделения его пяти слоев.',
        1),
       (7,
        1,
        'ACCEPTED',
        3,
        1,
        DATE('2021-11-18 06:40:26'),
        'Как работает крупнейший маркетплейс: что у него под капотом',
        'Сегодня Wildberries — самый большой маркетплейс в России и мы так часто заняты повседневным хайлоадом, что не всегда успеваем рассказать что за всем этим стоит: какие технологии и решения под капотом, как мы справляемся с адом черной пятницы и ужасами киберпонедельника.
Стоит начать с того, что основным генератором прогресса в WB с самого начала и по сей день является фактор роста. По бизнес-метрикам мы растем примерно х2 каждый год уже много лет, а по техническим (количестуву запросов / транзакций / трафику / объему данных и т. д.) — рост может быть даже быстрее, и это создает множество вызовов: технических, архитектурных и организационных. ',
        1),
       (8,
        0,
        'NEW',
        3,
        2,
        DATE('2021-11-23 06:40:26'),
        'Что означают приставки в британских фамилиях и не только',
        'До Норманнского завоевания 1066 года фамилии не были популярны в Англии. Людей в поселениях было мало, все друг друга знали. А если и было несколько человек, носящих одно имя, то для идентификации сильно не заморачивались: «Джон-который-возле-реки-живет» или «Джек-рыжий». При этом описание часто варьировалось. Тот же «Джек-рыжий» мог быть и «Джеком-скорняком» и «Джеком-вдовцом» и «Джеком-кривым».
Подобные «клички» не были строгими и на протяжении жизни менялись. Если Джек поменяет род деятельности, его будут звать «Джек-дровосек», а если вдруг облысеет, то «Джек-лысый».',
        0),
       (9,
        1,
        'ACCEPTED',
        3,
        1,
        DATE('2021-11-22 06:40:26'),
        'Обновление Telegram: сокрытие спойлеров и QR-коды',
        'Вышло обновление Telegram. В нем стали доступны реакции, автоматический перевод сообщений, QR-коды, сокрытие спойлеров и другие опции.Теперь пользователи смогут выделять часть набранного сообщения и применять форматирование «Скрытый». Скрытый текст не показывается ни в сообщениях, ни в списке чатов и оповещениях. Чтобы просмотреть скрытый текст, нужно просто коснуться его.',
        1),
       (10,
        1,
        'ACCEPTED',
        3,
        2,
        DATE('2021-11-22 06:40:26'),
        'Java: делаем Valhalla сами',
        'В Java каждый объект - это заголовок и данные. В случае 64 битной машины заголовок равен 16 байтам. Также Java использует выравнивание объектов в памяти по 8 байт, следовательно размер объекта кратен 8 байтам. Поэтому обёртки примитивных типов такие как Integer, Double занимают по 24 байта, что весьма затратно для примитивных типов.',
        1),
       (11,
        1,
        'ACCEPTED',
        3,
        1,
        DATE('2021-11-14 06:40:26'),
        'Как Mozilla упустила (не)очевидную уязвимость',
        'Этот пост в блоге необычный. Обычно я пишу посты о скрытых видах атак или интересном и сложном классе уязвимостей. На этот раз речь пойдёт о совершенно иной уязвимости. Впечатляет её простота. Её должны были заметить раньше, и я хочу выяснить, почему этого не произошло.
В 2021 году всем хорошим багам нужно цепляющее название, и у этой уязвимости появилось имя BigSig. Сначала объясню, как она нашлась, а затем попытаюсь понять, почему её так долго упускали.',
        1),
       (12,
        1,
        'ACCEPTED',
        3,
        1,
        DATE('2021-11-16 06:40:26'),
        'Испытание по криминалистической экспертизе дампа .NET',
        'В качестве торжественного финала пришло время объединить все ваши навыки криминалистической экспертизы. Вам предстоит немного поработать с Криптографией и Реверс-инжинирингом, а также с большим объемом Анализа.
В этой задаче сбор перехваченных пакетов и дампа процесса предлагаемого вам для рассмотрения маячка мы взяли на себя.
С целью предоставления нашему руководству необходимой ясности, мы хотим знать конкретно, какие действия атакующие предпринимали на этой особо ценной машине (имейте ввиду – здесь дамп/перехваченные пакеты отличаются от всех предыдущих задач). Поэтому, чтобы воссоздать картину произошедшего, вам потребуется сопоставить информацию в перехваченных пакетах и извлечь необходимые критические данные из дампа памяти.',
        1);

INSERT INTO `post_votes`
(`id`,
 `user_id`,
 `post_id`,
 `time`,
 `value`)
VALUES (1,
        1,
        3,
        DATE('2021-11-16 06:40:26'),
        1),
       (2,
        2,
        8,
        DATE('2021-11-17 06:40:26'),
        -1),
       (3,
        2,
        4,
        DATE('2021-11-18 06:40:26'),
        1),
       (4,
        1,
        5,
        DATE('2021-11-18 06:40:26'),
        1),
       (5,
        2,
        5,
        DATE('2021-11-18 06:40:26'),
        1),
       (6,
        1,
        9,
        DATE('2021-11-18 06:40:26'),
        1),
       (7,
        2,
        3,
        DATE('2021-11-20 06:40:26'),
        -1);

INSERT INTO `tags`
(`id`,
 `name`)
VALUES (1,
        'РАЗРАБОТКА'),
       (2,
        'ОБО_ВСЕМ'),
       (3,
        'JAVA'),
       (4,
        'БЕЗОПАСНОСТЬ'),
       (5,
        'DataScience');

INSERT INTO `post_comments`
(`id`,
 `parent_id`,
 `post_id`,
 `user_id`,
 `time`,
 `text`)
VALUES (1,
        null,
        1,
        2,
        DATE('2021-11-20 06:40:26'),
        'Ничего непонятно, но очень интересно'),
       (2,
        null,
        1,
        2,
        DATE('2021-11-21 06:40:26'),
        'Интересно....)'),
       (3,
        1,
        1,
        1,
        DATE('2021-11-21 06:40:26'),
        'Да уж'),
       (4,
        null,
        5,
        2,
        DATE('2021-11-21 06:40:26'),
        'Тест Тест Тест тест');

INSERT INTO `tag2post`
(`post_id`,
 `tag_id`)
VALUES (1,
        1),
       (2,
        1),
       (3,
        5),
       (4,
        4),
       (5,
        5),
       (6,
        2),
       (7,
        1),
       (8,
        2),
       (9,
        1),
       (10,
        3),
       (11,
        1),
       (12,
        4);